{
  "label": "Reportes",
  "position": 18,
  "link": {
    "type": "generated-index",
    "description": "Dentro del menú de Reportes, tienes la función principal de generar informes de diversas categorías. Puedes obtener reportes de flujo de matrículas, flujo de bajas y generales por estudiantes. Algunos de estos informes son personalizables mediante la aplicación de filtros, y todos se descargan en formato Excel (.xlsx), proporcionando una herramienta eficaz para analizar y gestionar la información de manera detallada."
  }
}
