{
  "label": "Pago",
  "position": 2,
  "link": {
    "type": "generated-index",
    "description": "Explora el Menú de Pagos. En Estudiantes, realiza acciones personalizadas, desde adicionar pagos hasta gestionar facturas. En Prematriculados, matricula prospectos al pagar inscripción. La opción Todos ofrece informes detallados de todos los pagos. Órdenes de Pago en Línea se enfoca en transacciones en línea, mientras que Pagos Referenciados brinda gestión detallada de pagos referenciados. Optimiza tu operación financiera con estas herramientas eficientes."
  }
}

