{
  "label": "Reportes",
  "position": 5,
  "link": {
    "type": "generated-index",
    "description": "En el Menú de Reportes, puedes generar reportes generales de estudiantes, analizar el flujo de prematrículas, seguir el flujo de inscripciones y conocer las cantidades por carrera. Cada uno de estos informes es completamente personalizable, permitiéndote aplicar filtros según tus necesidades específicas. Además, todos los informes se generan en formato Excel, brindándote la flexibilidad y comodidad para acceder y compartir la información de manera eficiente."
  }
}

