{
  "label": "Módulo del Estudiante",
  "position": 14,
  "link": {
    "type": "generated-index",
    "description": "¡Bienvenido al Módulo de Estudiante! En el Panel de Estudiantes, encontrarás accesos rápidos a funciones esenciales. La opción de Pago en Línea te permite abonar tus parcialidades de manera ágil y segura. Además, puedes generar referencias bancarias para pagos y consultar tu historial detallado de transacciones financieras. Por último, la función de Consulta de Calificaciones te brinda acceso instantáneo a tu rendimiento académico. Explora estas funcionalidades diseñadas para hacer tu trayecto académico más eficiente y accesible."
  }
}
