{
  "label": "Configuración",
  "position": 4,
  "link": {
    "type": "generated-index",
    "description": "En el Menú de, puedes personalizar los valores utilizadas en generaciones, campañas y prospectos. Puedes personalizar aspectos como causas de baja de prospecto, formas de contacto, cómo conocieron la institución, giros de empresa, empresas de procedencia, estados del prospecto y referencias. Estas opciones son totalmente adaptables a las necesidades específicas de la institución, permitiendo una configuración precisa y personalizada de los datos utilizados en el proceso de admisiones."
  }
}

